Node,Depth (m),Disp X (mm),Disp Y (mm),"Disp Z (mm, +up/-down)",Section Depth (m),Axial Force (kN),Shear X' (kN),Shear Y' (kN),Moment X' (kN*m),Moment Y' (kN*m)
1,0.00000000,0.93067932,-0.00000000,-3.11062672,0.00000000,876.16554872,-40.47674909,-0.00000003,0.00000003,-37.58217759
2,0.06750000,0.91402674,-0.00000000,-3.09428538,0.06750000,875.54421958,-39.79465041,-0.00000003,0.00000003,-34.84999703
3,0.13500000,0.89702992,-0.00000000,-3.07795563,0.13500000,874.80859533,-39.09826767,-0.00000003,0.00000003,-32.16385813
4,0.20250000,0.87971893,-0.00000000,-3.06163960,0.20250000,873.99810329,-38.38797963,-0.00000003,0.00000003,-29.52472506
5,0.27000000,0.86212330,-0.00000000,-3.04533869,0.27000000,873.13104856,-37.66416351,-0.00000003,0.00000003,-26.93353644
6,0.33750000,0.84427199,-0.00000000,-3.02905395,0.33750000,872.21834371,-36.92719421,-0.00000003,0.00000002,-24.39120540
7,0.40500000,0.82619345,-0.00000000,-3.01278623,0.40500000,871.26735511,-36.17744349,-0.00000003,0.00000002,-21.89861979
8,0.47250000,0.80791554,-0.00000000,-2.99653625,0.47250000,870.28344597,-35.41527928,-0.00000003,0.00000002,-19.45664235
9,0.54000000,0.78946555,-0.00000000,-2.98030462,0.54000000,869.27072609,-34.64106489,-0.00000003,0.00000002,-17.06611100
10,0.60750000,0.77087019,-0.00000000,-2.96409188,0.60750000,868.23246351,-33.85515836,-0.00000002,0.00000002,-14.72783912
11,0.67500000,0.75215560,-0.00000000,-2.94789850,0.67500000,867.17133080,-33.05791177,-0.00000002,0.00000001,-12.44261593
12,0.74250000,0.73334730,-0.00000000,-2.93172491,0.74250000,866.08956215,-32.24967060,-0.00000002,0.00000001,-10.21120689
13,0.81000000,0.71447022,-0.00000000,-2.91557150,0.81000000,864.98905862,-31.43077312,-0.00000002,0.00000001,-8.03435412
14,0.87750000,0.69554866,-0.00000000,-2.89943862,0.87750000,863.87146154,-30.60154978,-0.00000002,0.00000001,-5.91277694
15,0.94500000,0.67660631,-0.00000000,-2.88332658,0.94500000,862.73820534,-29.76232271,-0.00000002,0.00000001,-3.84717233
16,1.01250000,0.65766624,-0.00000000,-2.86723567,1.01250000,861.59055672,-28.91340511,-0.00000002,0.00000001,-1.83821554
17,1.08000000,0.63875087,-0.00000000,-2.85116617,1.08000000,860.42964419,-28.05510081,-0.00000002,0.00000001,0.11343930
18,1.14750000,0.61988199,-0.00000000,-2.83511833,1.14750000,859.25648097,-27.18770378,-0.00000002,0.00000001,2.00715861
19,1.21500000,0.60108074,-0.00000000,-2.81909236,1.21500000,858.07198291,-26.31149767,-0.00000002,0.00000000,3.84232861
20,1.28250000,0.58236760,-0.00000000,-2.80308849,1.28250000,856.87698285,-25.42675543,-0.00000002,0.00000000,5.61835470
21,1.35000000,0.56376239,-0.00000000,-2.78710690,1.35000000,855.67224214,-24.53373890,-0.00000001,0.00000000,7.33466069
22,1.41750000,0.54528429,-0.00000000,-2.77114778,1.41750000,854.45225685,-23.63269847,-0.00000001,0.00000000,8.99068807
23,1.48500000,0.52695177,-0.00000000,-2.75521142,1.48500000,853.20946242,-22.72387276,-0.00000001,-0.00000000,10.58589522
24,1.55250000,0.50878265,-0.00000000,-2.73929823,1.55250000,851.94476068,-21.80733296,-0.00000001,-0.00000000,12.11975663
25,1.62000000,0.49079407,-0.00000000,-2.72340864,1.62000000,850.65900255,-20.88803140,-0.00000001,-0.00000000,13.59175160
26,1.68750000,0.47300224,-0.00000000,-2.70754302,1.68750000,849.35299298,-19.97036685,-0.00000001,-0.00000000,15.00169372
27,1.75500000,0.45542245,-0.00000000,-2.69170177,1.75500000,848.02749537,-19.05471718,-0.00000001,-0.00000000,16.34969348
28,1.82250000,0.43806929,-0.00000000,-2.67588523,1.82250000,846.68323528,-18.14143492,-0.00000001,-0.00000000,17.63588689
29,1.89000000,0.42095668,-0.00000000,-2.66009377,1.89000000,845.32090375,-17.23084703,-0.00000001,-0.00000000,18.86043375
30,1.95750000,0.40409784,-0.00000000,-2.64432771,1.95750000,843.94116016,-16.32325470,-0.00000001,-0.00000001,20.02351593
31,2.02500000,0.38750529,-0.00000000,-2.62858739,2.02500000,842.54463484,-15.41893319,-0.00000001,-0.00000001,21.12533562
32,2.09250000,0.37119088,-0.00000000,-2.61287312,2.09250000,841.13193126,-14.51813174,-0.00000001,-0.00000001,22.16611361
33,2.16000000,0.35516578,-0.00000000,-2.59718519,2.16000000,839.70362810,-13.62107354,-0.00000001,-0.00000001,23.14608750
34,2.22750000,0.33944048,-0.00000000,-2.58152390,2.22750000,838.26028105,-12.72795575,-0.00000001,-0.00000001,24.06550996
35,2.29500000,0.32402481,-0.00000000,-2.56588954,2.29500000,836.80242436,-11.83894952,-0.00000001,-0.00000001,24.92464698
36,2.36250000,0.30892792,-0.00000000,-2.55028236,2.36250000,835.33057239,-10.95420016,-0.00000000,-0.00000001,25.72377607
37,2.43000000,0.29415831,-0.00000000,-2.53470263,2.43000000,833.84522085,-10.07382725,-0.00000000,-0.00000001,26.46318458
38,2.49750000,0.27972381,-0.00000000,-2.51915061,2.49750000,832.34684802,-9.19792489,-0.00000000,-0.00000001,27.14316792
39,2.56500000,0.26563160,-0.00000000,-2.50362654,2.56500000,830.83591582,-8.32656197,-0.00000000,-0.00000001,27.76402785
40,2.63250000,0.25188822,-0.00000000,-2.48813064,2.63250000,829.31287081,-7.45978242,-0.00000000,-0.00000001,28.32607078
41,2.70000000,0.23849955,-0.00000000,-2.47266315,2.70000000,827.77814509,-6.59760563,-0.00000000,-0.00000001,28.82960610
42,2.76750000,0.22547086,-0.00000000,-2.45722428,2.76750000,826.23215708,-5.74002684,-0.00000000,-0.00000001,29.27494448
43,2.83500000,0.21280675,-0.00000000,-2.44181425,2.83500000,824.67531236,-4.88701757,-0.00000000,-0.00000001,29.66239629
44,2.90250000,0.20051121,-0.00000000,-2.42643326,2.90250000,823.10800427,-4.03852615,-0.00000000,-0.00000001,29.99226997
45,2.97000000,0.18858760,-0.00000000,-2.41108150,2.97000000,821.53061462,-3.19447825,-0.00000000,-0.00000001,30.26487049
46,3.03750000,0.17703865,-0.00000000,-2.39575915,3.03750000,819.94351426,-2.35477747,-0.00000000,-0.00000001,30.48049777
47,3.10500000,0.16586651,-0.00000000,-2.38046641,3.10500000,818.34706362,-1.51930598,0.00000000,-0.00000001,30.63944525
48,3.17250000,0.15507266,-0.00000000,-2.36520345,3.17250000,816.74161322,-0.68792520,0.00000000,-0.00000001,30.74199840
49,3.24000000,0.14465803,-0.00000000,-2.34997042,3.24000000,815.12750416,0.13952346,0.00000000,-0.00000001,30.78843335
50,3.30750000,0.13462290,-0.00000000,-2.33476750,3.30750000,813.50506853,0.96321784,0.00000000,-0.00000001,30.77901552
51,3.37500000,0.12496698,-0.00000000,-2.31959485,3.37500000,811.87462985,1.78335422,0.00000000,-0.00000001,30.71399832
52,3.44250000,0.11568936,-0.00000000,-2.30445260,3.44250000,810.23650342,2.60014645,0.00000000,-0.00000001,30.59362191
53,3.51000000,0.10678857,-0.00000000,-2.28934090,3.51000000,808.59099670,3.41526170,0.00000000,-0.00000001,30.41811202
54,3.57750000,0.09826259,-0.00000000,-2.27425989,3.57750000,806.93840963,4.21445040,0.00000000,-0.00000001,30.18758186
55,3.64500000,0.09010807,-0.00000000,-2.25920971,3.64500000,805.27903496,4.95572242,0.00000000,-0.00000001,29.90310646
56,3.71250000,0.08231886,-0.00000000,-2.24419047,3.71250000,803.61315853,5.64059566,0.00000000,-0.00000001,29.56859519
57,3.78000000,0.07488833,-0.00000000,-2.22920231,3.78000000,801.94105953,6.27063451,0.00000000,-0.00000001,29.18785498
58,3.84750000,0.06780944,-0.00000000,-2.21424533,3.84750000,800.26301080,6.84744382,0.00000000,-0.00000001,28.76458716
59,3.91500000,0.06107476,-0.00000000,-2.19931965,3.91500000,798.57927904,7.37266303,0.00000000,-0.00000001,28.30238470
60,3.98250000,0.05467654,-0.00000000,-2.18442537,3.98250000,796.89012506,7.84796039,0.00000000,-0.00000001,27.80472994
61,4.05000000,0.04860670,-0.00000000,-2.16956260,4.05000000,795.19580399,8.27502750,0.00000000,-0.00000001,27.27499262
62,4.11750000,0.04285693,-0.00000000,-2.15473142,4.11750000,793.49656548,8.65557398,0.00000000,-0.00000001,26.71642826
63,4.18500000,0.03741869,-0.00000000,-2.13993194,4.18500000,791.79265392,8.99132232,0.00000000,-0.00000001,26.13217702
64,4.25250000,0.03228323,-0.00000000,-2.12516424,4.25250000,790.08430857,9.28400298,0.00000000,-0.00000001,25.52526276
65,4.32000000,0.02744167,-0.00000000,-2.11042840,4.32000000,788.37176381,9.53534975,0.00000000,-0.00000001,24.89859256
66,4.38750000,0.02288498,-0.00000000,-2.09572451,4.38750000,786.65524925,9.74709522,0.00000000,-0.00000001,24.25495645
67,4.45500000,0.01860407,-0.00000000,-2.08105262,4.45500000,784.93498989,9.92096657,0.00000000,-0.00000001,23.59702752
68,4.52250000,0.01458975,-0.00000000,-2.06641282,4.52250000,783.21120631,10.05868157,0.00000000,-0.00000001,22.92736228
69,4.59000000,0.01083281,-0.00000000,-2.05180518,4.59000000,781.48411476,10.16194476,0.00000000,-0.00000001,22.24840127
70,4.65750000,0.00732404,0.00000000,-2.03722974,4.65750000,779.75392735,10.23201768,0.00000000,-0.00000001,21.56247000
71,4.72500000,0.00405419,0.00000000,-2.02268657,4.72500000,778.02085213,10.27080624,0.00000000,-0.00000001,20.87180881
72,4.79250000,0.00101408,0.00000000,-2.00817573,4.79250000,776.28509324,10.28050851,0.00000000,-0.00000001,20.17852939
73,4.86000000,-0.00180538,0.00000000,-1.99369726,4.86000000,774.54685102,10.26323553,0.00000000,-0.00000001,19.48459506
74,4.92750000,-0.00441318,0.00000000,-1.97925121,4.92750000,772.80632215,10.22101232,0.00000000,-0.00000001,18.79182667
75,4.99500000,-0.00681820,0.00000000,-1.96483762,4.99500000,771.06369969,10.15577897,0.00000000,-0.00000001,18.10190833
76,5.06250000,-0.00902919,0.00000000,-1.95045654,5.06250000,769.31917325,10.06939198,0.00000000,-0.00000000,17.41639325
77,5.13000000,-0.01105472,0.00000000,-1.93610799,5.13000000,767.57292908,9.96362562,0.00000000,-0.00000000,16.73670930
78,5.19750000,-0.01290325,0.00000000,-1.92179201,5.19750000,765.82515011,9.84017345,0.00000000,-0.00000000,16.06416457
79,5.26500000,-0.01458303,0.00000000,-1.90750862,5.26500000,764.07601610,9.70064991,0.00000000,-0.00000000,15.39995286
80,5.33250000,-0.01610217,0.00000000,-1.89325787,5.33250000,762.32570371,9.54659198,0.00000000,-0.00000000,14.74515899
81,5.40000000,-0.01746857,0.00000000,-1.87903975,5.40000000,760.57438658,9.37946101,0.00000000,-0.00000000,14.10076403
82,5.46750000,-0.01868995,0.00000000,-1.86485430,5.46750000,758.82223538,9.20064445,0.00000000,-0.00000000,13.46765041
83,5.53500000,-0.01977383,0.00000000,-1.85070153,5.53500000,757.06941795,9.01145781,0.00000000,-0.00000000,12.84660691
84,5.60250000,-0.02072754,0.00000000,-1.83658145,5.60250000,755.32346047,8.81314654,0.00000000,-0.00000000,12.23833351
85,5.67000000,-0.02155819,0.00000000,-1.82249394,5.67000000,753.58759137,8.60688798,0.00000000,-0.00000000,11.64344612
86,5.73750000,-0.02227270,0.00000000,-1.80843880,5.73750000,751.86178746,8.39379338,0.00000000,-0.00000000,11.06248118
87,5.80500000,-0.02287775,0.00000000,-1.79441585,5.80500000,750.14602569,8.17490991,0.00000000,-0.00000000,10.49590013
88,5.87250000,-0.02337984,0.00000000,-1.78042490,5.87250000,748.44028314,7.95122268,0.00000000,-0.00000000,9.94409371
89,5.94000000,-0.02378524,0.00000000,-1.76646576,5.94000000,746.74453702,7.72365678,0.00000000,-0.00000000,9.40738618
90,6.00750000,-0.02410001,0.00000000,-1.75253825,6.00750000,745.05876470,7.49307932,0.00000000,-0.00000000,8.88603934
91,6.07500000,-0.02432999,0.00000000,-1.73864218,6.07500000,743.38294366,7.26030147,0.00000000,-0.00000000,8.38025649
92,6.14250000,-0.02448083,0.00000000,-1.72477737,6.14250000,741.71705151,7.02608052,0.00000000,-0.00000000,7.89018614
93,6.21000000,-0.02455793,0.00000000,-1.71094362,6.21000000,740.06106599,6.79112187,0.00000000,-0.00000000,7.41592571
94,6.27750000,-0.02456652,0.00000000,-1.69714077,6.27750000,738.41496501,6.55608104,0.00000000,-0.00000000,6.95752498
95,6.34500000,-0.02451160,0.00000000,-1.68336861,6.34500000,736.77872656,6.32156566,0.00000000,-0.00000000,6.51498951
96,6.41250000,-0.02439797,0.00000000,-1.66962698,6.41250000,735.15232879,6.08813746,0.00000000,-0.00000000,6.08828383
97,6.48000000,-0.02423023,0.00000000,-1.65591567,6.48000000,733.53574999,5.85631415,0.00000000,-0.00000000,5.67733455
98,6.54750000,-0.02401277,0.00000000,-1.64223452,6.54750000,731.92896855,5.62657137,0.00000000,-0.00000000,5.28203334
99,6.61500000,-0.02374980,0.00000000,-1.62858333,6.61500000,730.33196303,5.39934455,0.00000000,-0.00000000,4.90223978
100,6.68250000,-0.02344533,0.00000000,-1.61496193,6.68250000,728.74471208,5.17503075,0.00000000,-0.00000000,4.53778402
101,6.75000000,-0.02310318,0.00000000,-1.60137014,6.75000000,727.16719451,4.95399046,0.00000000,-0.00000000,4.18846944
102,6.81750000,-0.02272700,0.00000000,-1.58780776,6.81750000,725.59939716,4.73654936,0.00000000,-0.00000000,3.85407509
103,6.88500000,-0.02232023,0.00000000,-1.57427463,6.88500000,724.04128497,4.52300003,0.00000000,-0.00000000,3.53435800
104,6.95250000,-0.02188616,0.00000000,-1.56077056,6.95250000,722.49283717,4.31360365,0.00000000,-0.00000000,3.22905550
105,7.02000000,-0.02142790,0.00000000,-1.54729537,7.02000000,720.95479532,4.10859165,0.00000000,-0.00000000,2.93788726
106,7.08750000,-0.02094841,0.00000000,-1.53384886,7.08750000,719.43011957,3.90816725,0.00000000,-0.00000000,2.66055732
107,7.15500000,-0.02045045,0.00000000,-1.52043079,7.15500000,717.91878163,3.71250705,0.00000000,-0.00000000,2.39675603
108,7.22250000,-0.01993666,0.00000000,-1.50704091,7.22250000,716.42075351,3.52176252,0.00000000,-0.00000000,2.14616181
109,7.29000000,-0.01940952,0.00000000,-1.49367897,7.29000000,714.93600741,3.33606145,0.00000000,-0.00000000,1.90844284
110,7.35750000,-0.01887135,0.00000000,-1.48034472,7.35750000,713.46451582,3.15550938,0.00000000,-0.00000000,1.68325869
111,7.42500000,-0.01832433,0.00000000,-1.46703791,7.42500000,712.00625145,2.98019090,0.00000000,-0.00000000,1.47026180
112,7.49250000,-0.01777051,0.00000000,-1.45375831,7.49250000,710.56118727,2.81017106,0.00000000,-0.00000000,1.26909892
113,7.56000000,-0.01721182,0.00000000,-1.44050565,7.56000000,709.12929649,2.64549655,0.00000000,-0.00000000,1.07941237
114,7.62750000,-0.01665003,0.00000000,-1.42727970,7.62750000,707.71055257,2.48619698,0.00000000,-0.00000000,0.90084135
115,7.69500000,-0.01608681,0.00000000,-1.41408021,7.69500000,706.30492919,2.33228601,0.00000000,-0.00000000,0.73302306
116,7.76250000,-0.01552371,0.00000000,-1.40090694,7.76250000,704.91240030,2.18376252,0.00000000,-0.00000000,0.57559375
117,7.83000000,-0.01496216,0.00000000,-1.38775964,7.83000000,703.53294009,2.04061167,0.00000000,-0.00000000,0.42818978
118,7.89750000,-0.01440349,0.00000000,-1.37463807,7.89750000,702.16652297,1.90280595,0.00000000,0.00000000,0.29044850
119,7.96500000,-0.01384891,0.00000000,-1.36154198,7.96500000,700.81312362,1.77030615,0.00000000,0.00000000,0.16200909
120,8.03250000,-0.01329955,0.00000000,-1.34847114,8.03250000,699.47271695,1.64306237,0.00000000,0.00000000,0.04251343
121,8.10000000,-0.01275644,0.00000000,-1.33542529,8.10000000,698.14527810,1.52101484,0.00000000,0.00000000,-0.06839328
122,8.16750000,-0.01222050,0.00000000,-1.32240421,8.16750000,696.83078246,1.40409486,0.00000000,0.00000000,-0.17106178
123,8.23500000,-0.01169260,0.00000000,-1.30940764,8.23500000,695.52920567,1.29222562,0.00000000,0.00000000,-0.26583819
124,8.30250000,-0.01117349,0.00000000,-1.29643534,8.30250000,694.24052359,1.18532292,0.00000000,0.00000000,-0.35306342
125,8.37000000,-0.01066388,0.00000000,-1.28348708,8.37000000,692.96471234,1.08329600,0.00000000,0.00000000,-0.43307271
126,8.43750000,-0.01016436,0.00000000,-1.27056262,8.43750000,691.70174825,0.98604819,0.00000000,0.00000000,-0.50619519
127,8.50500000,-0.00967550,0.00000000,-1.25766171,8.50500000,690.45160792,0.89347760,0.00000000,0.00000000,-0.57275345
128,8.57250000,-0.00919776,0.00000000,-1.24478412,8.57250000,689.21426817,0.80547776,0.00000000,0.00000000,-0.63306318
129,8.64000000,-0.00873157,0.00000000,-1.23192960,8.64000000,687.98970606,0.72193820,0.00000000,0.00000000,-0.68743293
130,8.70750000,-0.00827729,0.00000000,-1.21909793,8.70750000,686.77789889,0.64274503,0.00000000,0.00000000,-0.73616376
131,8.77500000,-0.00783521,0.00000000,-1.20628886,8.77500000,685.57882418,0.56778146,0.00000000,0.00000000,-0.77954905
132,8.84250000,-0.00740559,0.00000000,-1.19350215,8.84250000,684.39245971,0.49692833,0.00000000,0.00000000,-0.81787430
133,8.91000000,-0.00698862,0.00000000,-1.18073756,8.91000000,683.21878349,0.43006452,0.00000000,0.00000000,-0.85141696
134,8.97750000,-0.00658447,0.00000000,-1.16799487,8.97750000,682.05777376,0.36706744,0.00000000,0.00000000,-0.88044632
135,9.04500000,-0.00619324,0.00000000,-1.15527383,9.04500000,680.90940898,0.30781341,0.00000000,0.00000000,-0.90522337
136,9.11250000,-0.00581502,0.00000000,-1.14257421,9.11250000,679.77366788,0.25217807,0.00000000,0.00000000,-0.92600077
137,9.18000000,-0.00544983,0.00000000,-1.12989577,9.18000000,678.65052940,0.20003669,0.00000000,0.00000000,-0.94302279
138,9.24750000,-0.00509768,0.00000000,-1.11723828,9.24750000,677.53997270,0.15126455,0.00000000,0.00000000,-0.95652527
139,9.31500000,-0.00475853,0.00000000,-1.10460150,9.31500000,676.44197721,0.10573721,-0.00000000,0.00000000,-0.96673563
140,9.38250000,-0.00443233,0.00000000,-1.09198520,9.38250000,675.35652257,0.06333080,-0.00000000,0.00000000,-0.97387289
141,9.45000000,-0.00411899,0.00000000,-1.07938915,9.45000000,674.28358865,0.02392229,-0.00000000,0.00000000,-0.97814772
142,9.51750000,-0.00381840,0.00000000,-1.06681311,9.51750000,673.22315557,-0.01261031,-0.00000000,0.00000000,-0.97976247
143,9.58500000,-0.00353042,0.00000000,-1.05425684,9.58500000,672.17520366,-0.04638768,-0.00000000,0.00000000,-0.97891128
144,9.65250000,-0.00325490,0.00000000,-1.04172012,9.65250000,671.13971349,-0.07752904,-0.00000000,0.00000000,-0.97578011
145,9.72000000,-0.00299167,0.00000000,-1.02920272,9.72000000,670.11666587,-0.10615194,-0.00000000,0.00000000,-0.97054690
146,9.78750000,-0.00274054,0.00000000,-1.01670439,9.78750000,669.10604183,-0.13237211,-0.00000000,0.00000000,-0.96338164
147,9.85500000,-0.00250130,0.00000000,-1.00422491,9.85500000,668.10782263,-0.15630335,-0.00000000,0.00000000,-0.95444652
148,9.92250000,-0.00227373,0.00000000,-0.99176405,9.92250000,667.12198977,-0.17805734,-0.00000000,0.00000000,-0.94389605
149,9.99000000,-0.00205761,0.00000000,-0.97932158,9.99000000,666.14852497,-0.19774357,-0.00000000,0.00000000,-0.93187718
150,10.05750000,-0.00185269,0.00000000,-0.96689727,10.05750000,659.33400363,-0.22215538,-0.00000000,0.00000000,-0.91852949
151,10.12500000,-0.00165908,0.00000000,-0.95460005,10.12500000,652.56099755,-0.24447722,-0.00000000,0.00000000,-0.90353400
152,10.19250000,-0.00147650,0.00000000,-0.94242915,10.19250000,645.82976780,-0.26475297,-0.00000000,0.00000000,-0.88703179
153,10.26000000,-0.00130467,0.00000000,-0.93038380,10.26000000,639.14056316,-0.28303170,-0.00000000,0.00000000,-0.86916096
154,10.32750000,-0.00114329,0.00000000,-0.91846321,10.32750000,632.49362022,-0.29936715,-0.00000000,0.00000000,-0.85005632
155,10.39500000,-0.00099204,0.00000000,-0.90666659,10.39500000,625.88916366,-0.31381723,-0.00000000,0.00000000,-0.82984904
156,10.46250000,-0.00085060,0.00000000,-0.89499315,10.46250000,619.32740634,-0.32644356,-0.00000000,0.00000000,-0.80866638
157,10.53000000,-0.00071865,0.00000000,-0.88344209,10.53000000,612.80854954,-0.33731100,-0.00000000,0.00000000,-0.78663144
158,10.59750000,-0.00059586,0.00000000,-0.87201262,10.59750000,606.33278309,-0.34648717,-0.00000000,0.00000000,-0.76386294
159,10.66500000,-0.00048189,0.00000000,-0.86070392,10.66500000,599.90028561,-0.35404206,-0.00000000,0.00000000,-0.74047506
160,10.73250000,-0.00037639,0.00000000,-0.84951520,10.73250000,593.51122461,-0.36004756,-0.00000000,0.00000000,-0.71657722
161,10.80000000,-0.00027902,0.00000000,-0.83844564,10.80000000,587.16575674,-0.36457707,-0.00000000,0.00000000,-0.69227401
162,10.86750000,-0.00018945,0.00000000,-0.82749443,10.86750000,580.86402791,-0.36770511,-0.00000000,0.00000000,-0.66766506
163,10.93500000,-0.00010732,-0.00000000,-0.81666075,10.93500000,574.60617351,-0.36950695,-0.00000000,0.00000000,-0.64284496
164,11.00250000,-0.00003230,-0.00000000,-0.80594379,11.00250000,568.39231852,-0.37005826,-0.00000000,0.00000000,-0.61790324
165,11.07000000,0.00003595,-0.00000000,-0.79534272,11.07000000,562.22257778,-0.36943475,-0.00000000,0.00000000,-0.59292431
166,11.13750000,0.00009776,-0.00000000,-0.78485673,11.13750000,556.09705606,-0.36771192,-0.00000000,0.00000000,-0.56798746
167,11.20500000,0.00015347,-0.00000000,-0.77448498,11.20500000,550.01584829,-0.36496470,-0.00000000,0.00000000,-0.54316691
168,11.27250000,0.00020339,-0.00000000,-0.76422665,11.27250000,543.97903973,-0.36126722,-0.00000000,0.00000000,-0.51853179
169,11.34000000,0.00024786,-0.00000000,-0.75408091,11.34000000,537.98670611,-0.35669252,-0.00000000,0.00000000,-0.49414625
170,11.40750000,0.00028717,-0.00000000,-0.74404694,11.40750000,532.03891383,-0.35131239,-0.00000000,0.00000000,-0.47006951
171,11.47500000,0.00032164,-0.00000000,-0.73412390,11.47500000,526.13572008,-0.34519706,-0.00000000,0.00000000,-0.44635592
172,11.54250000,0.00035156,-0.00000000,-0.72431096,11.54250000,520.27717307,-0.33841511,-0.00000000,0.00000000,-0.42305512
173,11.61000000,0.00037723,-0.00000000,-0.71460728,11.61000000,514.46331214,-0.33103320,-0.00000000,0.00000000,-0.40021210
174,11.67750000,0.00039892,-0.00000000,-0.70501204,11.67750000,508.69416796,-0.32311602,-0.00000000,0.00000000,-0.37786736
175,11.74500000,0.00041690,-0.00000000,-0.69552440,11.74500000,502.96976267,-0.31472605,-0.00000000,0.00000000,-0.35605703
176,11.81250000,0.00043144,-0.00000000,-0.68614353,11.81250000,497.29011004,-0.30592352,-0.00000000,0.00000000,-0.33481302
177,11.88000000,0.00044279,-0.00000000,-0.67686859,11.88000000,491.65521565,-0.29676631,-0.00000000,0.00000000,-0.31416318
178,11.94750000,0.00045120,-0.00000000,-0.66769874,11.94750000,486.06507704,-0.28730980,-0.00000000,0.00000000,-0.29413146
179,12.01500000,0.00045690,-0.00000000,-0.65863315,12.01500000,480.51968385,-0.27760688,-0.00000000,0.00000000,-0.27473805
180,12.08250000,0.00046011,-0.00000000,-0.64967100,12.08250000,475.01901799,-0.26770786,-0.00000000,0.00000000,-0.25599958
181,12.15000000,0.00046105,-0.00000000,-0.64081143,12.15000000,469.56305382,-0.25766045,-0.00000000,0.00000000,-0.23792930
182,12.21750000,0.00045993,-0.00000000,-0.63205362,12.21750000,464.15175827,-0.24750970,-0.00000000,0.00000000,-0.22053722
183,12.28500000,0.00045693,-0.00000000,-0.62339674,12.28500000,458.78509098,-0.23729807,-0.00000000,0.00000000,-0.20383032
184,12.35250000,0.00045225,-0.00000000,-0.61483996,12.35250000,453.46300450,-0.22706534,-0.00000000,0.00000000,-0.18781270
185,12.42000000,0.00044606,-0.00000000,-0.60638243,12.42000000,448.18544439,-0.21684869,-0.00000000,0.00000000,-0.17248579
186,12.48750000,0.00043853,-0.00000000,-0.59802334,12.48750000,442.95234943,-0.20668269,-0.00000000,0.00000000,-0.15784850
187,12.55500000,0.00042981,-0.00000000,-0.58976185,12.55500000,437.76365168,-0.19659935,-0.00000000,0.00000000,-0.14389742
188,12.62250000,0.00042005,-0.00000000,-0.58159713,12.62250000,432.61927671,-0.18662817,-0.00000000,0.00000000,-0.13062696
189,12.69000000,0.00040940,-0.00000000,-0.57352836,12.69000000,427.51914370,-0.17679617,-0.00000000,0.00000000,-0.11802956
190,12.75750000,0.00039797,-0.00000000,-0.56555471,12.75750000,422.46316557,-0.16712796,-0.00000000,0.00000000,-0.10609582
191,12.82500000,0.00038590,-0.00000000,-0.55767537,12.82500000,417.45124918,-0.15764581,-0.00000000,0.00000000,-0.09481468
192,12.89250000,0.00037329,-0.00000000,-0.54988950,12.89250000,412.48329541,-0.14836971,-0.00000000,0.00000000,-0.08417359
193,12.96000000,0.00036025,-0.00000000,-0.54219628,12.96000000,407.55919932,-0.13931746,-0.00000000,0.00000000,-0.07415863
194,13.02750000,0.00034688,-0.00000000,-0.53459491,13.02750000,402.67885030,-0.13050472,-0.00000000,0.00000000,-0.06475470
195,13.09500000,0.00033327,-0.00000000,-0.52708456,13.09500000,397.84213219,-0.12194514,-0.00000000,0.00000000,-0.05594564
196,13.16250000,0.00031950,-0.00000000,-0.51966442,13.16250000,393.04892342,-0.11365042,-0.00000000,0.00000000,-0.04771434
197,13.23000000,0.00030565,-0.00000000,-0.51233367,13.23000000,388.29909714,-0.10563039,-0.00000000,0.00000000,-0.04004294
198,13.29750000,0.00029178,-0.00000000,-0.50509152,13.29750000,383.59252136,-0.09789313,-0.00000000,0.00000000,-0.03291288
199,13.36500000,0.00027797,-0.00000000,-0.49793714,13.36500000,378.92905906,-0.09044503,-0.00000000,0.00000000,-0.02630510
200,13.43250000,0.00026425,-0.00000000,-0.49086975,13.43250000,374.30856836,-0.08329092,-0.00000000,0.00000000,-0.02020006
201,13.50000000,0.00025070,-0.00000000,-0.48388853,13.50000000,369.73090259,-0.07643413,-0.00000000,0.00000000,-0.01457792
202,13.56750000,0.00023734,-0.00000000,-0.47699269,13.56750000,365.19591046,-0.06987659,-0.00000000,-0.00000000,-0.00941862
203,13.63500000,0.00022423,-0.00000000,-0.47018143,13.63500000,360.70343617,-0.06361896,-0.00000000,-0.00000000,-0.00470195
204,13.70250000,0.00021140,-0.00000000,-0.46345397,13.70250000,356.25331951,-0.05766066,-0.00000000,-0.00000000,-0.00040767
205,13.77000000,0.00019888,-0.00000000,-0.45680950,13.77000000,351.84539605,-0.05200001,-0.00000000,-0.00000000,0.00348443
206,13.83750000,0.00018669,-0.00000000,-0.45024724,13.83750000,347.47949717,-0.04663431,-0.00000000,-0.00000000,0.00699443
207,13.90500000,0.00017487,-0.00000000,-0.44376641,13.90500000,343.15545023,-0.04155991,-0.00000000,-0.00000000,0.01014224
208,13.97250000,0.00016342,-0.00000000,-0.43736623,13.97250000,338.87307870,-0.03677229,-0.00000000,-0.00000000,0.01294754
209,14.04000000,0.00015237,-0.00000000,-0.43104591,14.04000000,334.63220222,-0.03226618,-0.00000000,-0.00000000,0.01542967
210,14.10750000,0.00014172,-0.00000000,-0.42480470,14.10750000,330.43263678,-0.02803562,-0.00000000,-0.00000000,0.01760763
211,14.17500000,0.00013148,-0.00000000,-0.41864181,14.17500000,326.27419477,-0.02407400,-0.00000000,-0.00000000,0.01950004
212,14.24250000,0.00012167,-0.00000000,-0.41255648,14.24250000,322.15668515,-0.02037420,-0.00000000,-0.00000000,0.02112503
213,14.31000000,0.00011228,-0.00000000,-0.40654795,14.31000000,318.07991350,-0.01692862,-0.00000000,-0.00000000,0.02250029
214,14.37750000,0.00010333,-0.00000000,-0.40061545,14.37750000,314.04368217,-0.01372924,-0.00000000,-0.00000000,0.02364297
215,14.44500000,0.00009479,-0.00000000,-0.39475823,14.44500000,310.04779039,-0.01076772,-0.00000000,-0.00000000,0.02456970
216,14.51250000,0.00008668,-0.00000000,-0.38897554,14.51250000,306.09203433,-0.00803543,-0.00000000,-0.00000000,0.02529652
217,14.58000000,0.00007900,-0.00000000,-0.38326662,14.58000000,302.17620726,-0.00552353,0.00000000,-0.00000000,0.02583891
218,14.64750000,0.00007172,-0.00000000,-0.37763074,14.64750000,298.30009960,-0.00322300,0.00000000,-0.00000000,0.02621175
219,14.71500000,0.00006486,-0.00000000,-0.37206716,14.71500000,294.46349906,-0.00112470,0.00000000,-0.00000000,0.02642930
220,14.78250000,0.00005839,-0.00000000,-0.36657513,14.78250000,290.66619072,0.00078057,0.00000000,-0.00000000,0.02650522
221,14.85000000,0.00005231,-0.00000000,-0.36115392,14.85000000,286.90795714,0.00250203,0.00000000,-0.00000000,0.02645253
222,14.91750000,0.00004661,-0.00000000,-0.35580281,14.91750000,283.18857843,0.00404889,0.00000000,-0.00000000,0.02628364
223,14.98500000,0.00004128,-0.00000000,-0.35052107,14.98500000,279.50783239,0.00543031,0.00000000,-0.00000000,0.02601034
224,15.05250000,0.00003630,-0.00000000,-0.34530797,15.05250000,275.86549455,0.00665536,0.00000000,-0.00000000,0.02564380
225,15.12000000,0.00003168,-0.00000000,-0.34016282,15.12000000,272.26133829,0.00773299,0.00000000,-0.00000000,0.02519456
226,15.18750000,0.00002738,-0.00000000,-0.33508488,15.18750000,268.69513496,0.00867200,0.00000000,-0.00000000,0.02467258
227,15.25500000,0.00002340,-0.00000000,-0.33007345,15.25500000,265.16665391,0.00948102,0.00000000,-0.00000000,0.02408722
228,15.32250000,0.00001972,-0.00000000,-0.32512784,15.32250000,261.67566260,0.01016849,0.00000000,-0.00000000,0.02344725
229,15.39000000,0.00001634,-0.00000000,-0.32024733,15.39000000,258.22192672,0.01074262,0.00000000,-0.00000000,0.02276088
230,15.45750000,0.00001324,-0.00000000,-0.31543124,15.45750000,254.80521022,0.01121140,0.00000000,-0.00000000,0.02203575
231,15.52500000,0.00001040,-0.00000000,-0.31067888,15.52500000,251.42527544,0.01158257,0.00000000,-0.00000000,0.02127898
232,15.59250000,0.00000781,-0.00000000,-0.30598955,15.59250000,248.08188316,0.01186359,0.00000000,-0.00000000,0.02049716
233,15.66000000,0.00000547,-0.00000000,-0.30136259,15.66000000,244.77479271,0.01206168,0.00000000,-0.00000000,0.01969637
234,15.72750000,0.00000334,-0.00000000,-0.29679730,15.72750000,241.50376201,0.01218376,0.00000000,-0.00000000,0.01888220
235,15.79500000,0.00000143,-0.00000000,-0.29229302,15.79500000,238.26854770,0.01223646,0.00000000,-0.00000000,0.01805980
236,15.86250000,-0.00000028,-0.00000000,-0.28784908,15.86250000,235.06890516,0.01222613,0.00000000,-0.00000000,0.01723384
237,15.93000000,-0.00000180,-0.00000000,-0.28346482,15.93000000,231.90458863,0.01215882,0.00000000,-0.00000000,0.01640858
238,15.99750000,-0.00000315,-0.00000000,-0.27913957,15.99750000,228.77535126,0.01204030,0.00000000,-0.00000000,0.01558786
239,16.06500000,-0.00000433,-0.00000000,-0.27487269,16.06500000,225.68094520,0.01187602,0.00000000,-0.00000000,0.01477514
240,16.13250000,-0.00000536,-0.00000000,-0.27066352,16.13250000,222.62112165,0.01167114,0.00000000,0.00000000,0.01397350
241,16.20000000,-0.00000625,-0.00000000,-0.26651142,16.20000000,219.59563097,0.01143055,0.00000000,0.00000000,0.01318570
242,16.26750000,-0.00000701,-0.00000000,-0.26241575,16.26750000,216.60422267,0.01115884,0.00000000,0.00000000,0.01241414
243,16.33500000,-0.00000765,-0.00000000,-0.25837587,16.33500000,213.64664558,0.01086029,0.00000000,0.00000000,0.01166092
244,16.40250000,-0.00000818,-0.00000000,-0.25439115,16.40250000,210.72264785,0.01053895,0.00000000,0.00000000,0.01092785
245,16.47000000,-0.00000860,-0.00000000,-0.25046097,16.47000000,207.83197700,0.01019857,0.00000000,0.00000000,0.01021647
246,16.53750000,-0.00000893,-0.00000000,-0.24658470,16.53750000,204.97438007,0.00984264,0.00000000,0.00000000,0.00952807
247,16.60500000,-0.00000918,-0.00000000,-0.24276173,16.60500000,202.14960358,0.00947439,0.00000000,0.00000000,0.00886369
248,16.67250000,-0.00000934,-0.00000000,-0.23899145,16.67250000,199.35739366,0.00909681,0.00000000,0.00000000,0.00822417
249,16.74000000,-0.00000944,-0.00000000,-0.23527324,16.74000000,196.59749609,0.00871265,-0.00000000,0.00000000,0.00761013
250,16.80750000,-0.00000948,-0.00000000,-0.23160650,16.80750000,193.86965635,0.00832443,-0.00000000,0.00000000,0.00702203
251,16.87500000,-0.00000945,-0.00000000,-0.22799065,16.87500000,191.17361969,0.00793445,-0.00000000,0.00000000,0.00646013
252,16.94250000,-0.00000938,-0.00000000,-0.22442507,16.94250000,188.50913118,0.00754478,-0.00000000,0.00000000,0.00592455
253,17.01000000,-0.00000927,-0.00000000,-0.22090919,17.01000000,185.87593578,0.00715731,-0.00000000,0.00000000,0.00541528
254,17.07750000,-0.00000912,-0.00000000,-0.21744243,17.07750000,183.27377836,0.00677373,-0.00000000,0.00000000,0.00493216
255,17.14500000,-0.00000893,-0.00000000,-0.21402419,17.14500000,180.70240380,0.00639554,-0.00000000,0.00000000,0.00447494
256,17.21250000,-0.00000871,-0.00000000,-0.21065392,17.21250000,178.16155701,0.00602409,-0.00000000,0.00000000,0.00404324
257,17.28000000,-0.00000847,-0.00000000,-0.20733103,17.28000000,175.65098297,0.00566055,-0.00000000,0.00000000,0.00363661
258,17.34750000,-0.00000821,-0.00000000,-0.20405497,17.34750000,173.17042683,0.00530594,-0.00000000,0.00000000,0.00325452
259,17.41500000,-0.00000793,-0.00000000,-0.20082518,17.41500000,170.71963391,0.00496112,-0.00000000,0.00000000,0.00289637
260,17.48250000,-0.00000764,-0.00000000,-0.19764109,17.48250000,168.29834977,0.00462685,-0.00000000,0.00000000,0.00256150
261,17.55000000,-0.00000734,0.00000000,-0.19450216,17.55000000,165.90632024,0.00430373,-0.00000000,-0.00000000,0.00224919
262,17.61750000,-0.00000703,0.00000000,-0.19140785,17.61750000,163.54329151,0.00399228,-0.00000000,-0.00000000,0.00195868
263,17.68500000,-0.00000672,0.00000000,-0.18835761,17.68500000,161.20901010,0.00369288,-0.00000000,-0.00000000,0.00168920
264,17.75250000,-0.00000640,0.00000000,-0.18535090,17.75250000,158.90322298,0.00340582,-0.00000000,-0.00000000,0.00143994
265,17.82000000,-0.00000608,0.00000000,-0.18238720,17.82000000,156.62567756,0.00313131,-0.00000000,-0.00000000,0.00121004
266,17.88750000,-0.00000577,0.00000000,-0.17946598,17.88750000,154.37612177,0.00286947,-0.00000000,-0.00000000,0.00099868
267,17.95500000,-0.00000545,0.00000000,-0.17658672,17.95500000,152.15430404,0.00262033,-0.00000000,-0.00000000,0.00080499
268,18.02250000,-0.00000514,0.00000000,-0.17374889,18.02250000,149.95997343,0.00238388,-0.00000000,-0.00000000,0.00062812
269,18.09000000,-0.00000484,0.00000000,-0.17095199,18.09000000,147.79287958,0.00216002,-0.00000000,-0.00000000,0.00046721
270,18.15750000,-0.00000454,0.00000000,-0.16819551,18.15750000,145.65277280,0.00194861,-0.00000000,-0.00000000,0.00032140
271,18.22500000,-0.00000425,0.00000000,-0.16547895,18.22500000,143.53940411,0.00174947,-0.00000000,-0.00000000,0.00018987
272,18.29250000,-0.00000397,0.00000000,-0.16280180,18.29250000,141.45252522,0.00156234,-0.00000000,-0.00000000,0.00007178
273,18.36000000,-0.00000370,0.00000000,-0.16016357,18.36000000,139.39188864,0.00138696,-0.00000000,-0.00000000,-0.00003367
274,18.42750000,-0.00000344,0.00000000,-0.15756378,18.42750000,137.35724766,0.00122302,-0.00000000,-0.00000000,-0.00012729
275,18.49500000,-0.00000319,0.00000000,-0.15500193,18.49500000,135.34835640,0.00107019,0.00000000,-0.00000000,-0.00020985
276,18.56250000,-0.00000295,0.00000000,-0.15247755,18.56250000,133.36496984,0.00092810,0.00000000,-0.00000000,-0.00028209
277,18.63000000,-0.00000272,0.00000000,-0.14999017,18.63000000,131.40684386,0.00079639,0.00000000,-0.00000000,-0.00034473
278,18.69750000,-0.00000250,0.00000000,-0.14753930,18.69750000,129.47373527,0.00067465,0.00000000,-0.00000000,-0.00039849
279,18.76500000,-0.00000229,0.00000000,-0.14512449,18.76500000,127.56540181,0.00056247,0.00000000,-0.00000000,-0.00044403
280,18.83250000,-0.00000209,0.00000000,-0.14274527,18.83250000,125.68160223,0.00045946,0.00000000,-0.00000000,-0.00048199
281,18.90000000,-0.00000190,0.00000000,-0.14040119,18.90000000,123.82209627,0.00036517,0.00000000,-0.00000000,-0.00051301
282,18.96750000,-0.00000172,0.00000000,-0.13809179,18.96750000,121.98664471,0.00027921,0.00000000,-0.00000000,-0.00053766
283,19.03500000,-0.00000156,0.00000000,-0.13581662,19.03500000,120.17500940,0.00020113,0.00000000,-0.00000000,-0.00055650
284,19.10250000,-0.00000140,0.00000000,-0.13357524,19.10250000,118.38695327,0.00013052,0.00000000,-0.00000000,-0.00057008
285,19.17000000,-0.00000125,0.00000000,-0.13136721,19.17000000,116.62224038,0.00006697,0.00000000,-0.00000000,-0.00057889
286,19.23750000,-0.00000112,0.00000000,-0.12919209,19.23750000,114.88063589,0.00001005,0.00000000,-0.00000000,-0.00058341
287,19.30500000,-0.00000099,0.00000000,-0.12704945,19.30500000,113.16190616,-0.00004062,0.00000000,-0.00000000,-0.00058409
288,19.37250000,-0.00000087,0.00000000,-0.12493887,19.37250000,111.46581872,-0.00008546,0.00000000,-0.00000000,-0.00058135
289,19.44000000,-0.00000076,0.00000000,-0.12285993,19.44000000,109.79214228,-0.00012483,0.00000000,-0.00000000,-0.00057558
290,19.50750000,-0.00000066,0.00000000,-0.12081220,19.50750000,108.14064682,-0.00015912,0.00000000,-0.00000000,-0.00056715
291,19.57500000,-0.00000056,0.00000000,-0.11879527,19.57500000,106.51110352,-0.00018869,0.00000000,-0.00000000,-0.00055641
292,19.64250000,-0.00000048,0.00000000,-0.11680874,19.64250000,104.90328486,-0.00021389,0.00000000,-0.00000000,-0.00054367
293,19.71000000,-0.00000040,0.00000000,-0.11485219,19.71000000,103.31696458,-0.00023505,0.00000000,-0.00000000,-0.00052924
294,19.77750000,-0.00000033,0.00000000,-0.11292523,19.77750000,101.75191773,-0.00025250,0.00000000,-0.00000000,-0.00051337
295,19.84500000,-0.00000026,0.00000000,-0.11102745,19.84500000,100.20792069,-0.00026655,0.00000000,-0.00000000,-0.00049633
296,19.91250000,-0.00000020,0.00000000,-0.10915848,19.91250000,98.68475115,-0.00027748,0.00000000,-0.00000000,-0.00047833
297,19.98000000,-0.00000015,0.00000000,-0.10731791,19.98000000,97.18218818,-0.00028559,0.00000000,-0.00000000,-0.00045960
298,20.04750000,-0.00000010,0.00000000,-0.10550537,20.04750000,95.70001220,-0.00029113,0.00000000,-0.00000000,-0.00044033
299,20.11500000,-0.00000006,0.00000000,-0.10372047,20.11500000,94.23800502,-0.00029436,0.00000000,-0.00000000,-0.00042068
300,20.18250000,-0.00000002,0.00000000,-0.10196284,20.18250000,92.79594985,-0.00029551,0.00000000,-0.00000000,-0.00040081
301,20.25000000,0.00000001,0.00000000,-0.10023211,20.25000000,91.37363131,-0.00029482,0.00000000,-0.00000000,-0.00038086
302,20.31750000,0.00000004,0.00000000,-0.09852790,20.31750000,89.97083543,-0.00029248,0.00000000,-0.00000000,-0.00036096
303,20.38500000,0.00000007,0.00000000,-0.09684986,20.38500000,88.58734970,-0.00028869,0.00000000,-0.00000000,-0.00034122
304,20.45250000,0.00000009,0.00000000,-0.09519762,20.45250000,87.22296305,-0.00028365,0.00000000,-0.00000000,-0.00032173
305,20.52000000,0.00000011,0.00000000,-0.09357082,20.52000000,85.87746586,-0.00027750,0.00000000,-0.00000000,-0.00030258
306,20.58750000,0.00000013,0.00000000,-0.09196913,20.58750000,84.55064999,-0.00027043,0.00000000,-0.00000000,-0.00028385
307,20.65500000,0.00000014,0.00000000,-0.09039217,20.65500000,83.24230879,-0.00026256,0.00000000,0.00000000,-0.00026560
308,20.72250000,0.00000015,0.00000000,-0.08883963,20.72250000,81.95223709,-0.00025404,0.00000000,0.00000000,-0.00024788
309,20.79000000,0.00000016,0.00000000,-0.08731114,20.79000000,80.68023123,-0.00024499,0.00000000,0.00000000,-0.00023073
310,20.85750000,0.00000016,0.00000000,-0.08580637,20.85750000,79.42608905,-0.00023552,0.00000000,0.00000000,-0.00021419
311,20.92500000,0.00000017,0.00000000,-0.08432500,20.92500000,78.18960993,-0.00022573,0.00000000,0.00000000,-0.00019829
312,20.99250000,0.00000017,0.00000000,-0.08286669,20.99250000,76.97059474,-0.00021572,0.00000000,0.00000000,-0.00018306
313,21.06000000,0.00000017,0.00000000,-0.08143111,21.06000000,75.76884592,-0.00020557,0.00000000,0.00000000,-0.00016850
314,21.12750000,0.00000017,0.00000000,-0.08001795,21.12750000,74.58416744,-0.00019536,0.00000000,0.00000000,-0.00015462
315,21.19500000,0.00000017,0.00000000,-0.07862688,21.19500000,73.41636481,-0.00018516,0.00000000,0.00000000,-0.00014143
316,21.26250000,0.00000017,0.00000000,-0.07725759,21.26250000,72.26524511,-0.00017502,0.00000000,0.00000000,-0.00012893
317,21.33000000,0.00000017,0.00000000,-0.07590978,21.33000000,71.13061696,-0.00016499,0.00000000,0.00000000,-0.00011712
318,21.39750000,0.00000016,-0.00000000,-0.07458312,21.39750000,70.01229056,-0.00015513,0.00000000,0.00000000,-0.00010598
319,21.46500000,0.00000016,-0.00000000,-0.07327733,21.46500000,68.91007768,-0.00014548,0.00000000,0.00000000,-0.00009551
320,21.53250000,0.00000016,-0.00000000,-0.07199209,21.53250000,67.82379166,-0.00013606,0.00000000,0.00000000,-0.00008569
321,21.60000000,0.00000015,-0.00000000,-0.07072711,21.60000000,66.75324742,-0.00012692,0.00000000,0.00000000,-0.00007651
322,21.66750000,0.00000015,-0.00000000,-0.06948209,21.66750000,65.69826146,-0.00011806,0.00000000,0.00000000,-0.00006794
323,21.73500000,0.00000014,-0.00000000,-0.06825676,21.73500000,64.65865187,-0.00010952,0.00000000,0.00000000,-0.00005997
324,21.80250000,0.00000013,-0.00000000,-0.06705081,21.80250000,63.63423834,-0.00010131,0.00000000,0.00000000,-0.00005258
325,21.87000000,0.00000013,-0.00000000,-0.06586397,21.87000000,62.62484213,-0.00009343,0.00000000,0.00000000,-0.00004574
326,21.93750000,0.00000012,-0.00000000,-0.06469596,21.93750000,61.63028612,-0.00008591,0.00000000,0.00000000,-0.00003943
327,22.00500000,0.00000011,-0.00000000,-0.06354649,22.00500000,60.65039475,-0.00007874,0.00000000,0.00000000,-0.00003364
328,22.07250000,0.00000011,-0.00000000,-0.06241530,22.07250000,59.68499410,-0.00007193,0.00000000,0.00000000,-0.00002832
329,22.14000000,0.00000010,-0.00000000,-0.06130212,22.14000000,58.73391183,-0.00006547,0.00000000,0.00000000,-0.00002347
330,22.20750000,0.00000010,-0.00000000,-0.06020668,22.20750000,57.79697719,-0.00005937,0.00000000,0.00000000,-0.00001905
331,22.27500000,0.00000009,-0.00000000,-0.05912871,22.27500000,56.87402104,-0.00005363,0.00000000,0.00000000,-0.00001504
332,22.34250000,0.00000008,-0.00000000,-0.05806795,22.34250000,55.96487586,-0.00004823,0.00000000,0.00000000,-0.00001142
333,22.41000000,0.00000008,-0.00000000,-0.05702415,22.41000000,55.06937571,-0.00004316,0.00000000,0.00000000,-0.00000816
334,22.47750000,0.00000007,-0.00000000,-0.05599705,22.47750000,54.18735626,-0.00003843,0.00000000,0.00000000,-0.00000525
335,22.54500000,0.00000007,-0.00000000,-0.05498641,22.54500000,53.31865479,-0.00003402,0.00000000,0.00000000,-0.00000266
336,22.61250000,0.00000006,-0.00000000,-0.05399196,22.61250000,52.46311016,-0.00002992,-0.00000000,0.00000000,-0.00000036
337,22.68000000,0.00000006,-0.00000000,-0.05301347,22.68000000,51.62056285,-0.00002613,-0.00000000,0.00000000,0.00000166
338,22.74750000,0.00000005,-0.00000000,-0.05205070,22.74750000,50.79085493,-0.00002262,-0.00000000,0.00000000,0.00000342
339,22.81500000,0.00000005,-0.00000000,-0.05110340,22.81500000,49.97383008,-0.00001939,-0.00000000,0.00000000,0.00000495
340,22.88250000,0.00000004,-0.00000000,-0.05017134,22.88250000,49.16933357,-0.00001642,-0.00000000,0.00000000,0.00000626
341,22.95000000,0.00000004,-0.00000000,-0.04925429,22.95000000,48.37721226,-0.00001370,-0.00000000,0.00000000,0.00000737
342,23.01750000,0.00000004,-0.00000000,-0.04835200,23.01750000,47.59731462,-0.00001122,-0.00000000,0.00000000,0.00000829
343,23.08500000,0.00000003,-0.00000000,-0.04746427,23.08500000,46.82949069,-0.00000897,-0.00000000,0.00000000,0.00000905
344,23.15250000,0.00000003,-0.00000000,-0.04659085,23.15250000,46.07359211,-0.00000694,-0.00000000,0.00000000,0.00000966
345,23.22000000,0.00000003,-0.00000000,-0.04573153,23.22000000,45.32947211,-0.00000510,-0.00000000,0.00000000,0.00001012
346,23.28750000,0.00000002,-0.00000000,-0.04488610,23.28750000,44.59698551,-0.00000345,-0.00000000,0.00000000,0.00001047
347,23.35500000,0.00000002,-0.00000000,-0.04405432,23.35500000,43.87598869,-0.00000199,-0.00000000,0.00000000,0.00001070
348,23.42250000,0.00000002,-0.00000000,-0.04323599,23.42250000,43.16633963,-0.00000068,-0.00000000,0.00000000,0.00001084
349,23.49000000,0.00000002,-0.00000000,-0.04243090,23.49000000,42.46789787,0.00000047,-0.00000000,0.00000000,0.00001088
350,23.55750000,0.00000001,-0.00000000,-0.04163883,23.55750000,41.78052454,0.00000148,-0.00000000,0.00000000,0.00001085
351,23.62500000,0.00000001,-0.00000000,-0.04085958,23.62500000,41.10408233,0.00000235,-0.00000000,0.00000000,0.00001075
352,23.69250000,0.00000001,-0.00000000,-0.04009295,23.69250000,40.43843548,0.00000310,-0.00000000,0.00000000,0.00001059
353,23.76000000,0.00000001,-0.00000000,-0.03933873,23.76000000,39.78344982,0.00000374,-0.00000000,0.00000000,0.00001038
354,23.82750000,0.00000001,-0.00000000,-0.03859673,23.82750000,39.13899272,0.00000428,-0.00000000,0.00000000,0.00001013
355,23.89500000,0.00000001,-0.00000000,-0.03786675,23.89500000,38.50493311,0.00000473,-0.00000000,0.00000000,0.00000984
356,23.96250000,0.00000001,-0.00000000,-0.03714860,23.96250000,37.88114147,0.00000509,-0.00000000,0.00000000,0.00000952
357,24.03000000,0.00000000,-0.00000000,-0.03644208,24.03000000,37.26748983,0.00000537,-0.00000000,0.00000000,0.00000918
358,24.09750000,0.00000000,-0.00000000,-0.03574700,24.09750000,36.66385176,0.00000558,-0.00000000,0.00000000,0.00000882
359,24.16500000,0.00000000,-0.00000000,-0.03506319,24.16500000,36.07010236,0.00000573,-0.00000000,0.00000000,0.00000844
360,24.23250000,0.00000000,-0.00000000,-0.03439045,24.23250000,35.48611829,0.00000582,-0.00000000,0.00000000,0.00000805
361,24.30000000,0.00000000,-0.00000000,-0.03372859,24.30000000,34.91177770,0.00000586,-0.00000000,0.00000000,0.00000766
362,24.36750000,-0.00000000,-0.00000000,-0.03307746,24.36750000,34.34696031,0.00000586,-0.00000000,0.00000000,0.00000726
363,24.43500000,-0.00000000,-0.00000000,-0.03243685,24.43500000,33.79154732,0.00000582,-0.00000000,0.00000000,0.00000687
364,24.50250000,-0.00000000,-0.00000000,-0.03180661,24.50250000,33.24542148,0.00000574,-0.00000000,0.00000000,0.00000648
365,24.57000000,-0.00000000,-0.00000000,-0.03118655,24.57000000,32.70846704,0.00000564,-0.00000000,0.00000000,0.00000609
366,24.63750000,-0.00000000,-0.00000000,-0.03057650,24.63750000,32.18056974,0.00000551,-0.00000000,0.00000000,0.00000571
367,24.70500000,-0.00000000,-0.00000000,-0.02997630,24.70500000,31.66161686,0.00000536,-0.00000000,0.00000000,0.00000534
368,24.77250000,-0.00000000,-0.00000000,-0.02938578,24.77250000,31.15149714,0.00000519,-0.00000000,0.00000000,0.00000498
369,24.84000000,-0.00000000,-0.00000000,-0.02880478,24.84000000,30.65010085,0.00000501,-0.00000000,0.00000000,0.00000462
370,24.90750000,-0.00000000,-0.00000000,-0.02823312,24.90750000,30.15731972,0.00000482,-0.00000000,0.00000000,0.00000429
371,24.97500000,-0.00000000,-0.00000000,-0.02767066,24.97500000,29.67304698,0.00000461,-0.00000000,0.00000000,0.00000396
372,25.04250000,-0.00000000,-0.00000000,-0.02711723,25.04250000,29.19717735,0.00000440,-0.00000000,0.00000000,0.00000365
373,25.11000000,-0.00000000,-0.00000000,-0.02657267,25.11000000,28.72960699,0.00000419,-0.00000000,0.00000000,0.00000335
374,25.17750000,-0.00000000,-0.00000000,-0.02603684,25.17750000,28.27023358,0.00000398,-0.00000000,0.00000000,0.00000307
375,25.24500000,-0.00000000,-0.00000000,-0.02550957,25.24500000,27.81895623,0.00000376,-0.00000000,0.00000000,0.00000280
376,25.31250000,-0.00000000,-0.00000000,-0.02499072,25.31250000,27.37567553,0.00000355,-0.00000000,0.00000000,0.00000255
377,25.38000000,-0.00000000,-0.00000000,-0.02448014,25.38000000,26.94029352,0.00000333,-0.00000000,0.00000000,0.00000231
378,25.44750000,-0.00000000,-0.00000000,-0.02397768,25.44750000,26.51271370,0.00000312,-0.00000000,0.00000000,0.00000208
379,25.51500000,-0.00000000,-0.00000000,-0.02348319,25.51500000,26.09284102,0.00000292,-0.00000000,0.00000000,0.00000187
380,25.58250000,-0.00000000,-0.00000000,-0.02299653,25.58250000,25.68058187,0.00000272,-0.00000000,0.00000000,0.00000168
381,25.65000000,-0.00000000,-0.00000000,-0.02251756,25.65000000,25.27584407,0.00000252,-0.00000000,0.00000000,0.00000149
382,25.71750000,-0.00000000,-0.00000000,-0.02204615,25.71750000,24.87853692,0.00000233,-0.00000000,0.00000000,0.00000132
383,25.78500000,-0.00000000,-0.00000000,-0.02158214,25.78500000,24.48857109,0.00000215,-0.00000000,0.00000000,0.00000116
384,25.85250000,-0.00000000,-0.00000000,-0.02112540,25.85250000,24.10585874,0.00000198,-0.00000000,0.00000000,0.00000102
385,25.92000000,-0.00000000,-0.00000000,-0.02067580,25.92000000,23.73031341,0.00000181,-0.00000000,0.00000000,0.00000089
386,25.98750000,-0.00000000,-0.00000000,-0.02023321,25.98750000,23.36185009,0.00000164,-0.00000000,0.00000000,0.00000076
387,26.05500000,-0.00000000,-0.00000000,-0.01979749,26.05500000,23.00038517,0.00000149,-0.00000000,0.00000000,0.00000065
388,26.12250000,-0.00000000,-0.00000000,-0.01936851,26.12250000,22.64583646,0.00000134,-0.00000000,0.00000000,0.00000055
389,26.19000000,-0.00000000,-0.00000000,-0.01894614,26.19000000,22.29812319,0.00000120,-0.00000000,0.00000000,0.00000046
390,26.25750000,-0.00000000,-0.00000000,-0.01853026,26.25750000,21.95716598,0.00000106,-0.00000000,0.00000000,0.00000038
391,26.32500000,-0.00000000,-0.00000000,-0.01812074,26.32500000,21.62288686,0.00000094,-0.00000000,0.00000000,0.00000031
392,26.39250000,-0.00000000,-0.00000000,-0.01771745,26.39250000,21.29520928,0.00000082,-0.00000000,0.00000000,0.00000025
393,26.46000000,-0.00000000,-0.00000000,-0.01732027,26.46000000,20.97405806,0.00000070,-0.00000000,0.00000000,0.00000019
394,26.52750000,-0.00000000,-0.00000000,-0.01692909,26.52750000,20.65935943,0.00000059,-0.00000000,0.00000000,0.00000014
395,26.59500000,-0.00000000,-0.00000000,-0.01654377,26.59500000,20.35104101,0.00000049,-0.00000000,0.00000000,0.00000010
396,26.66250000,-0.00000000,-0.00000000,-0.01616420,26.66250000,20.04903181,0.00000039,-0.00000000,0.00000000,0.00000007
397,26.73000000,-0.00000000,-0.00000000,-0.01579027,26.73000000,19.75326224,0.00000029,-0.00000000,0.00000000,0.00000004
398,26.79750000,-0.00000000,-0.00000000,-0.01542185,26.79750000,19.46366408,0.00000020,-0.00000000,0.00000000,0.00000002
399,26.86500000,-0.00000000,-0.00000000,-0.01505884,26.86500000,19.18017050,0.00000012,-0.00000000,0.00000000,0.00000001
400,26.93250000,-0.00000000,-0.00000000,-0.01470111,26.93250000,18.90271605,0.00000004,-0.00000000,0.00000000,0.00000000
401,27.00000000,-0.00000000,-0.00000000,-0.01434855,27.00000000,0.00000000,0.00000004,-0.00000000,-0.00000000,-0.00000000
